fid,canton,prefecture,region,lat,lon,superficie_km2,points_service,dist_service_km,dist_agence_km,classe_acces
cantons.A01001001,Agoè-Nyivé,Agoè-Nyivé,Maritime,6.230588720197286,1.1991605635782459,42.4,446,0.01,0.01,< 2 km
cantons.A01002002,Légbassito,Agoè-Nyivé,Maritime,6.271143733122361,1.154912081322809,25.4,37,0.46,0.46,< 2 km
cantons.A01003003,Vakpossito,Agoè-Nyivé,Maritime,6.219399249148114,1.1649254843104773,5.8,263,0.08,0.93,< 2 km
cantons.A01004004,Togblekope,Agoè-Nyivé,Maritime,6.2653107175370835,1.2154848305090202,34.4,258,0.02,1.19,< 2 km
cantons.A01005005,Sanguera,Agoè-Nyivé,Maritime,6.246166622350281,1.1215608741654381,30.9,97,1.07,1.97,< 2 km
cantons.A01006006,Adétikopé,Agoè-Nyivé,Maritime,6.317434674178429,1.2246925221539418,54.4,297,0.14,0.77,< 2 km
cantons.A02007007,Kévé,Avé,Maritime,6.469105722301519,0.9970715781698499,133.6,11,2.95,8.81,2 – 5 km
cantons.A02007008,Assahoun,Avé,Maritime,6.4832389266306665,0.921937463277468,81.7,43,2.3,3.83,2 – 5 km
cantons.A02007009,Tovégan,Avé,Maritime,6.59546121942315,0.9033659998655571,277.8,9,3.11,16.19,2 – 5 km
cantons.A02007010,Ando,Avé,Maritime,6.490560476824582,0.807728380165756,183.5,5,6.11,12.64,5 – 10 km
cantons.A02008012,Noépé,Avé,Maritime,6.289712304989018,1.0363997437598178,44.8,17,2.08,10.41,2 – 5 km
cantons.A06022038,Vogan,Vo,Maritime,6.335517130744577,1.5141902201028454,144.9,175,0.23,21.48,< 2 km
cantons.A02008013,Aképé,Avé,Maritime,6.24483017165883,1.073600498766292,39.8,22,0.37,4.34,< 2 km
cantons.A02008014,Badja,Avé,Maritime,6.391755670714355,1.0205536125170447,125.7,10,2.71,11.57,2 – 5 km
cantons.A03009015,Kpétsou,Bas-Mono,Maritime,6.544852279952064,1.5760644675318467,74.6,19,1.09,7.46,< 2 km
cantons.A03009016,Afagnan-Gbléta,Bas-Mono,Maritime,6.468063546291195,1.6097197226427709,79.3,42,2.26,3.46,2 – 5 km
cantons.A06022039,Vo-Koutimé,Vo,Maritime,6.361464562911246,1.5795192181211537,42.9,36,0.88,15.68,< 2 km
cantons.A06023040,Togoville,Vo,Maritime,6.254708190773842,1.4695947022188265,68.7,45,1.11,16.98,< 2 km
cantons.A06023041,Anyron-Kopé,Vo,Maritime,6.261917507656913,1.5457331303295885,27.4,7,0.36,24.74,< 2 km
cantons.A07026048,Tabligbo,Yoto,Maritime,6.5905666579586795,1.481619991453112,59.7,55,0.71,2.08,< 2 km
cantons.A03009017,Afagnangan,Bas-Mono,Maritime,6.524431670193736,1.6401209500544598,40.6,88,2.35,3.43,2 – 5 km
cantons.A03010018,Attitogon,Bas-Mono,Maritime,6.428354981409142,1.6597019301578384,89.7,23,0.68,8.18,< 2 km
cantons.A03010019,Hompou,Bas-Mono,Maritime,6.404620389983755,1.7003952446667907,50.9,1,3.43,12.81,2 – 5 km
cantons.A03010020,Agome-Glozou,Bas-Mono,Maritime,6.493634431594622,1.698129138145152,55.2,6,1.51,7.68,< 2 km
cantons.A03010021,Agbétiko,Bas-Mono,Maritime,6.457534622877759,1.7400642078141981,23.6,4,1.57,13.01,< 2 km
cantons.A06024042,Dagbati,Vo,Maritime,6.4859130750751675,1.4837713050336974,160.1,26,1.49,11.49,< 2 km
cantons.A06024043,Dzrékpo,Vo,Maritime,6.42966312892968,1.5598087750344187,43.6,58,0.66,10.17,< 2 km
cantons.C04075232,Goubi,Tchamba,Centrale,8.652707750831487,1.451910690457353,418.5,17,1.65,18.66,< 2 km
cantons.A04014025,Amoutivé,Golfe,Maritime,6.134431244959601,1.2137741289547002,13.6,809,0.04,0.56,< 2 km
cantons.A04015026,Aflao-Gakli,Golfe,Maritime,6.191448657161645,1.1790310840745735,19.4,1062,0.13,1.34,< 2 km
cantons.A04016027,Baguida,Golfe,Maritime,6.181945278597669,1.3352510298486695,37.3,482,0.11,1.64,< 2 km
cantons.A04017028,Aflao-Sagbado,Golfe,Maritime,6.192124737926822,1.1223190492181447,49.0,777,0.05,1.65,< 2 km
cantons.A06024044,Mome-Hounkpati,Vo,Maritime,6.517103582610269,1.532376350699025,36.7,16,2.11,8.66,2 – 5 km
cantons.A06025045,Sévagan,Vo,Maritime,6.308131542860123,1.420858204043773,60.9,15,0.83,15.72,< 2 km
cantons.A06025046,Hahotoé,Vo,Maritime,6.376461513176774,1.3990239309558028,46.0,55,1.65,17.58,< 2 km
cantons.A07026049,Amoussimé,Yoto,Maritime,6.638292677736784,1.5046128996730055,48.0,7,1.74,5.52,< 2 km
cantons.A05018029,Aného,Lacs,Maritime,6.235011922875194,1.5823997831382564,9.9,57,0.48,27.54,< 2 km
cantons.A05018030,Glidji,Lacs,Maritime,6.265434348919896,1.6022981856805776,32.0,32,0.8,25.61,< 2 km
cantons.A05018031,Canton D’Aneho,Lacs,Maritime,6.238604456938707,1.6182189726851284,4.9,83,0.05,28.44,< 2 km
cantons.A05019032,Aklakou,Lacs,Maritime,6.337528163079182,1.7436996618328011,110.7,28,2.39,21.61,2 – 5 km
cantons.A06025047,Akoumapé,Vo,Maritime,6.428243552225626,1.4306643515168744,115.1,43,3.39,19.33,2 – 5 km
cantons.A05019033,Agouégan,Lacs,Maritime,6.275806566884461,1.7054209058731389,42.4,12,1.48,25.74,< 2 km
cantons.A05021035,Anfoin,Lacs,Maritime,6.339489349497692,1.6106482828580067,16.2,47,0.41,17.37,< 2 km
cantons.A05021036,Fiata,Lacs,Maritime,6.324892128186038,1.6639137157002086,57.7,25,0.38,19.27,< 2 km
cantons.A05021037,Ganavé,Lacs,Maritime,6.298065778942684,1.6255320956425698,32.7,14,1.32,21.84,< 2 km
cantons.A07026050,Kouvé,Yoto,Maritime,6.756281060755486,1.3918348843905135,331.5,18,9.04,22.09,5 – 10 km
cantons.A07026051,Kini-Kondji,Yoto,Maritime,6.595399735373434,1.5684951545053216,30.1,2,2.59,7.57,2 – 5 km
cantons.A07027052,Tchékpo,Yoto,Maritime,6.5361283307832645,1.3643376531766545,139.4,27,0.06,16.12,< 2 km
cantons.A07027053,Ahépé,Yoto,Maritime,6.5987099589207405,1.4027548132688532,53.4,17,0.65,10.85,< 2 km
cantons.A07027054,Zafi,Yoto,Maritime,6.679503988254222,1.3172608756469601,161.6,7,6.21,16.64,5 – 10 km
cantons.A07028055,Gboto,Yoto,Maritime,6.696773884847316,1.4769121015938866,78.7,9,0.94,12.25,< 2 km
cantons.A08029063,Abobo,Zio,Maritime,6.247347108986015,1.3388697248020465,106.4,28,1.41,6.24,< 2 km
cantons.A08029064,Djagblé,Zio,Maritime,6.250902909335113,1.2777748073672888,16.5,26,0.27,0.63,< 2 km
cantons.A08029065,Kpomé,Zio,Maritime,6.336622975358718,1.3442643882685374,88.7,22,0.15,10.23,< 2 km
cantons.A07028056,Tométy-Kondji,Yoto,Maritime,6.823724827128987,1.5250694210185234,152.3,2,5.17,23.88,5 – 10 km
cantons.A08029066,Dalavé,Zio,Maritime,6.350369127143202,1.2722277109748041,92.9,51,2.87,7.05,2 – 5 km
cantons.A08029067,Gbatopé,Zio,Maritime,6.465452243018266,1.2989567645743045,202.6,62,0.96,11.62,< 2 km
cantons.A08030068,Mission-Tové,Zio,Maritime,6.308894461086087,1.1229293785326473,41.3,41,0.71,5.84,< 2 km
cantons.A08030069,Kovié,Zio,Maritime,6.344556098273976,1.0716582484477173,71.6,14,1.76,12.6,< 2 km
cantons.A07028057,Sendome,Yoto,Maritime,6.805145181506558,1.573769481578264,72.2,2,4.32,24.34,2 – 5 km
cantons.A07028058,Essé-Godjin,Yoto,Maritime,6.716685225056749,1.55597736515071,89.0,3,1.29,15.45,< 2 km
cantons.A08030070,Wli,Zio,Maritime,6.393893434152306,1.1338147486452606,42.6,8,2.43,8.37,2 – 5 km
cantons.A08030071,Bolou,Zio,Maritime,6.439319885275357,1.127086946550248,51.4,18,2.48,9.56,2 – 5 km
cantons.A08031079,Gamé-Sèva,Zio,Maritime,6.720502770969005,1.1836377731228662,242.2,17,1.69,5.36,< 2 km
cantons.A07028059,Tokpli,Yoto,Maritime,6.631583555358636,1.5849581794434078,45.9,11,0.42,10.5,< 2 km
cantons.A08029060,Tsévié,Zio,Maritime,6.465771943785592,1.209290852183831,98.0,157,2.86,6.06,2 – 5 km
cantons.A08029061,Davié,Zio,Maritime,6.356025056298367,1.178294661599448,74.1,153,0.9,6.11,< 2 km
cantons.A08029062,Gblainvié,Zio,Maritime,6.500573812792887,1.1200870134050498,134.4,9,2.73,13.98,2 – 5 km
cantons.A08031073,Agbélouvé,Zio,Maritime,6.730656099418259,1.044387215586126,448.5,125,2.57,14.87,2 – 5 km
cantons.A08032074,Gapé-Centre,Zio,Maritime,6.600607662846541,1.1015613514375109,381.7,41,0.12,10.95,< 2 km
cantons.A08032075,Gapé-Kpodji,Zio,Maritime,6.638404318515813,0.9889422499033937,37.8,7,1.89,20.09,< 2 km
cantons.B01032079,Kati,Agou,Plateaux,6.880890666324034,0.8631009401776917,16.8,12,1.6,16.64,< 2 km
cantons.B01033076,Agou-Nyogbo-Agbétiko,Agou,Plateaux,6.949023752423184,0.7629670043885154,74.9,23,4.76,12.4,2 – 5 km
cantons.B01033077,Agou-Akplolo,Agou,Plateaux,6.907581737761918,0.7868358533022595,26.5,12,2.28,10.27,2 – 5 km
cantons.B01033078,Agou-Iboé,Agou,Plateaux,6.87035741244189,0.790546213190771,29.9,2,0.65,8.59,< 2 km
cantons.B01033080,Agou-Nyogbo-Dzidjole,Agou,Plateaux,6.876622751615049,0.7265146386768108,2.9,17,0.35,3.46,< 2 km
cantons.B01033081,Agou-Kébo,Agou,Plateaux,6.860423342506779,0.7455638466028783,14.4,2,0.81,3.55,< 2 km
cantons.B01033083,Agou-Atigbé,Agou,Plateaux,6.801580550608563,0.7386808966615966,28.0,1,3.77,5.59,2 – 5 km
cantons.B01033084,Gadja,Agou,Plateaux,6.798790053892477,0.8212544217238015,198.1,57,1.9,12.76,< 2 km
cantons.B01033085,Assahoun-Fiagbé,Agou,Plateaux,6.779198516390825,0.7237519688788688,36.6,1,2.7,7.54,2 – 5 km
cantons.B01034088,Agotimé-Sud (Adzakpa),Agou,Plateaux,6.601180789094753,0.7707481845013971,114.9,1,6.51,23.1,5 – 10 km
cantons.B02035092,Kougnohou,Akébou,Plateaux,7.66394433141488,0.7881470772438868,116.1,43,0.7,45.96,< 2 km
cantons.B01034089,Agotimé-Nord,Agou,Plateaux,6.68948779248264,0.7096675603421756,246.3,4,6.59,17.44,5 – 10 km
cantons.B02035090,Djon,Akébou,Plateaux,7.726760107460111,0.7837446579863586,144.3,8,0.8,45.34,< 2 km
cantons.B02035091,Veh,Akébou,Plateaux,7.6724058506780475,0.7099480504210707,52.8,4,1.67,54.22,< 2 km
cantons.B02035093,Gbendè,Akébou,Plateaux,7.748737680359325,0.7066379099681938,77.2,2,3.56,53.68,2 – 5 km
cantons.B02035094,Yalla,Akébou,Plateaux,7.826118742222444,0.6585982365731862,137.3,6,1.6,59.33,< 2 km
cantons.B02036095,Sérégbénè,Akébou,Plateaux,7.852801499158049,0.7406299929843932,169.9,5,1.59,50.83,< 2 km
cantons.B02036096,Kpalavé,Akébou,Plateaux,7.86295058135613,0.8225102944876643,204.0,2,3.54,42.27,2 – 5 km
cantons.B02036097,Kamina-Akébou,Akébou,Plateaux,7.915058965511967,0.9413861702459676,295.0,17,7.17,32.33,5 – 10 km
cantons.B02048134,Djemegni,Haho,Plateaux,6.958652064753046,1.2917505909417386,260.9,22,0.74,13.24,< 2 km
cantons.B03037098,Adiva,Amou,Plateaux,7.522780420806404,1.0050879625369364,18.6,4,1.94,28.9,< 2 km
cantons.B03037099,Imlè-Adiva,Amou,Plateaux,7.454398969120082,0.9807272803496506,126.6,7,4.98,25.45,2 – 5 km
cantons.B03037100,Amlamé (Ouma),Amou,Plateaux,7.439697843526271,0.9001534165036901,78.8,32,1.47,32.26,< 2 km
cantons.B03038101,Kpatégan,Amou,Plateaux,7.370593600421171,1.0413255788074323,185.1,7,4.29,14.9,2 – 5 km
cantons.B03038102,Ekpégnon,Amou,Plateaux,7.282786734825217,1.0129737703308104,94.1,1,3.57,17.13,2 – 5 km
cantons.B03038103,Amou-Oblo,Amou,Plateaux,7.3633961656829525,0.8979021062714645,92.5,18,3.65,29.92,2 – 5 km
cantons.B03038104,Sodo,Amou,Plateaux,7.313774247979395,0.8631530563793034,72.4,5,1.78,24.83,< 2 km
cantons.B03039105,Canton B03039105 (non nommé),Amou,Plateaux,7.780027521635039,1.0170202960829304,368.5,0,9.48,19.47,5 – 10 km
cantons.B03039106,Otadi,Amou,Plateaux,7.683003395150723,0.9715353708270755,256.7,15,2.23,25.91,2 – 5 km
cantons.B03039107,Hihéatro,Amou,Plateaux,7.589474197898075,1.0903774900017746,126.3,28,4.36,22.0,2 – 5 km
cantons.B03039108,Canton B03039108 (non nommé),Amou,Plateaux,7.606516099405482,0.9805776848809079,70.4,0,5.01,28.97,5 – 10 km
cantons.B03039109,Evou,Amou,Plateaux,7.527934430307322,1.038691464244822,33.2,28,0.41,27.29,< 2 km
cantons.B03039110,Témédja,Amou,Plateaux,7.496171043363752,1.076087076200161,54.8,30,2.55,22.23,2 – 5 km
cantons.B03039111,Canton B03039111 (non nommé),Amou,Plateaux,7.435695486989579,1.117851883426661,96.2,0,4.44,14.25,2 – 5 km
cantons.B04040112,Pallakoko,Anié,Plateaux,7.882042299933084,1.1149356650468565,203.7,17,4.75,15.54,2 – 5 km
cantons.B04040113,Anié,Anié,Plateaux,7.757790443901331,1.2254835687699004,303.9,208,2.01,3.54,2 – 5 km
cantons.B04040114,Kolo-Kopé,Anié,Plateaux,7.793468953631143,1.2961180362842062,143.0,12,0.84,11.82,< 2 km
cantons.B04041115,Adogbénou,Anié,Plateaux,7.787936103818824,1.5364198695200582,493.7,29,9.33,37.96,5 – 10 km
cantons.B04041116,Atchinédji,Anié,Plateaux,7.610355896017306,1.3930910722039958,422.7,10,8.11,27.54,5 – 10 km
cantons.B05042118,Danyi-Atigba,Danyi,Plateaux,7.24868075582798,0.6981144031628504,113.0,75,0.98,13.41,< 2 km
cantons.B05042119,Yikpa,Danyi,Plateaux,7.126246894394686,0.6342242784728894,28.3,2,1.25,10.74,< 2 km
cantons.B05042120,Danyi-Kakpa,Danyi,Plateaux,7.160235185900796,0.6506137040614901,45.3,22,2.1,9.44,2 – 5 km
cantons.B04041117,Glitto,Anié,Plateaux,7.582909149460726,1.5542641805082729,406.6,9,3.19,44.36,2 – 5 km
cantons.B05043121,Danyi-Kpeto-Evita,Danyi,Plateaux,7.31105050062016,0.7720047937428292,94.5,6,3.05,20.31,2 – 5 km
cantons.B05043122,Danyi-Elavagnon,Danyi,Plateaux,7.337810124286991,0.7365639754740515,84.3,27,0.71,22.77,< 2 km
cantons.B05043123,Ahlon,Danyi,Plateaux,7.281143868674041,0.6594238759296559,62.7,10,0.27,18.31,< 2 km
cantons.B06044124,Elavagnon,Est-Mono,Plateaux,7.956627893090603,1.423114825578236,558.7,54,7.47,33.08,5 – 10 km
cantons.B06044125,Gbadjahè,Est-Mono,Plateaux,7.856440051149911,1.4038898683361178,265.3,15,5.38,25.38,5 – 10 km
cantons.B08051140,Agome-Kpalime,Kloto,Plateaux,6.914035253299368,0.6366544515206292,35.8,368,0.11,0.51,< 2 km
cantons.B06045126,Morétan,Est-Mono,Plateaux,8.214060222989152,1.3641861293531838,818.6,51,11.22,41.53,> 10 km
cantons.B06045127,Badin-Copé,Est-Mono,Plateaux,8.222119016923447,1.5158462078941535,393.6,30,4.87,57.29,2 – 5 km
cantons.B06046129,Kpéssi,Est-Mono,Plateaux,8.031391376774476,1.2932081814655323,96.9,6,3.56,31.48,2 – 5 km
cantons.B06046130,Nyamassila,Est-Mono,Plateaux,7.946881558480791,1.1953523704880111,94.4,35,1.74,20.12,< 2 km
cantons.B07047132,Dalia,Haho,Plateaux,6.83891130208975,1.2870427293784514,304.1,27,2.07,18.02,2 – 5 km
cantons.B07047133,Atchavé,Haho,Plateaux,6.873425221159732,1.1730103921561363,133.4,26,1.92,8.84,< 2 km
cantons.B08051141,Yokélé,Kloto,Plateaux,6.935581722296705,0.6929282482393957,48.6,6,3.47,7.17,2 – 5 km
cantons.B09054155,Kpélé-Akata,Kpélé,Plateaux,7.0442921846518916,0.7405141185893251,66.7,15,3.36,9.73,2 – 5 km
cantons.B07048135,Asrama,Haho,Plateaux,7.013130870391469,1.4522839769430524,596.6,32,1.82,17.45,< 2 km
cantons.B07050137,Kpegnon (Haito),Haho,Plateaux,7.187998729318659,0.9806684268977814,212.0,13,0.99,20.4,< 2 km
cantons.B08051139,Tové,Kloto,Plateaux,6.878204085610195,0.6726125691415283,50.3,10,0.93,4.85,< 2 km
cantons.B08051142,Tomé,Kloto,Plateaux,6.789630420057893,0.631918287348644,65.1,2,4.56,11.3,2 – 5 km
cantons.B08051143,Kpadapé,Kloto,Plateaux,6.818799681641264,0.595101189472536,35.2,3,2.05,10.01,2 – 5 km
cantons.B09054154,Kpélé-Novivé,Kpélé,Plateaux,7.075462051810461,0.821754596504291,167.5,150,9.67,11.78,5 – 10 km
cantons.B08051144,Womé,Kloto,Plateaux,6.851174858229336,0.5567939127103255,27.0,10,1.59,10.17,< 2 km
cantons.B08051145,Gbalabé,Kloto,Plateaux,6.874635376216413,0.5927778101449362,24.4,6,1.32,5.43,< 2 km
cantons.B08051146,Hanyigba,Kloto,Plateaux,6.904100014114182,0.5881371088918396,18.6,5,2.03,4.97,2 – 5 km
cantons.B08052147,Lavié,Kloto,Plateaux,7.058939075264154,0.6726316898817175,72.9,21,3.81,10.34,2 – 5 km
cantons.B08052148,Lavié-Apédomé,Kloto,Plateaux,6.988287631317441,0.7055422062927705,45.0,10,3.3,11.66,2 – 5 km
cantons.B08053152,Kouma,Kloto,Plateaux,6.976849623757688,0.5961870813962444,53.0,28,0.08,8.17,< 2 km
cantons.C01065191,Yaloumbè,Blitta,Centrale,8.324993707059496,1.099510124697152,85.7,20,3.11,10.03,2 – 5 km
cantons.B08052149,Kpimé,Kloto,Plateaux,7.032233848904965,0.6353179564440276,73.9,26,1.79,13.26,< 2 km
cantons.B08053150,Agomé-Yoh,Kloto,Plateaux,6.934786441615401,0.5911168768406635,14.7,2,1.26,5.18,< 2 km
cantons.B08053151,Agomé-Tomégbé,Kloto,Plateaux,6.951746837125584,0.5490925307692016,22.3,6,0.84,10.18,< 2 km
cantons.B09054153,Kpélé-Govié,Kpélé,Plateaux,7.119103172013409,0.8333346543516877,134.8,15,8.0,11.37,5 – 10 km
cantons.B09055157,Kpélé-Nord,Kpélé,Plateaux,7.275341139067246,0.8758061713532455,73.3,24,1.94,22.5,< 2 km
cantons.B09055158,Kpélé-Dutoé,Kpélé,Plateaux,7.245211646211025,0.8274026330835449,42.4,5,3.58,16.42,2 – 5 km
cantons.B09055159,Kpélé-Kamé,Kpélé,Plateaux,7.219541487460529,0.849351451239875,88.5,21,3.98,16.25,2 – 5 km
cantons.B09055160,Kpélé-Gbalédzé,Kpélé,Plateaux,7.193223378866909,0.7704142466487331,32.7,9,1.63,8.03,< 2 km
cantons.B09055161,Kpélé-Centre,Kpélé,Plateaux,7.165154283312157,0.8483647823241047,104.6,12,3.7,13.45,2 – 5 km
cantons.B10056162,Tohoun,Moyen-Mono,Plateaux,7.04655040198854,1.595132637936499,88.1,26,1.82,3.14,< 2 km
cantons.B10056163,Tado,Moyen-Mono,Plateaux,7.1433194541674245,1.54395062294907,218.1,9,3.0,15.24,2 – 5 km
cantons.B10056164,Ahassomè,Moyen-Mono,Plateaux,7.242975858496557,1.5068369434920055,115.6,4,0.6,26.93,< 2 km
cantons.B10057165,Katomé,Moyen-Mono,Plateaux,7.361156569675446,1.6029608990808388,35.7,4,2.03,37.48,2 – 5 km
cantons.B10057166,Kpékplémé,Moyen-Mono,Plateaux,7.31160641386138,1.5816145325018731,65.2,27,1.21,32.15,< 2 km
cantons.B10057167,Saligbé,Moyen-Mono,Plateaux,7.24525522738363,1.5871928643506314,91.6,11,4.17,24.78,2 – 5 km
cantons.B11058168,Houdou,Ogou,Plateaux,7.65565013073558,1.1829049679389971,149.6,14,0.5,11.58,< 2 km
cantons.B11058169,Djama,Ogou,Plateaux,7.572731707943474,1.237931977880214,212.1,31,2.77,21.26,2 – 5 km
cantons.B11058170,Gnagna,Ogou,Plateaux,7.5021882623117015,1.1831062309958609,53.8,226,4.24,20.74,2 – 5 km
cantons.B11059171,Katoré,Ogou,Plateaux,7.379301964898048,1.346814521238501,190.5,22,0.73,21.32,< 2 km
cantons.B11059172,Datcha,Ogou,Plateaux,7.414570607095894,1.2104973092916012,135.8,8,4.27,12.06,2 – 5 km
cantons.B11059173,Akparé,Ogou,Plateaux,7.472575889854439,1.3252672794616591,207.9,14,0.07,24.82,< 2 km
cantons.B11060174,Gléi,Ogou,Plateaux,7.287007868008268,1.223856911748055,526.9,85,5.44,7.28,5 – 10 km
cantons.B11061175,Ountivou,Ogou,Plateaux,7.411589450851063,1.5228704650130755,364.4,21,3.55,40.96,2 – 5 km
cantons.B12062176,Kpété-Béna,Wawa,Plateaux,7.446128016973369,0.5878832211618393,123.1,34,1.74,38.19,< 2 km
cantons.B12062177,Tomégbé,Wawa,Plateaux,7.51534340776791,0.6107637945024615,103.0,28,0.39,44.45,< 2 km
cantons.C03070213,Tabindè,Sotouboua,Centrale,8.511780491457277,1.1336194876991101,239.3,2,2.46,17.19,2 – 5 km
cantons.B12062178,Badou,Wawa,Plateaux,7.56815828163103,0.5732444208705488,91.8,89,2.38,51.31,2 – 5 km
cantons.B12062179,Késsibo,Wawa,Plateaux,7.645206727607182,0.6234814398677746,111.4,21,2.85,58.01,2 – 5 km
cantons.B12063180,Gbadi-N'kougna,Wawa,Plateaux,7.456460706632468,0.7015785894523625,155.5,13,1.36,36.04,< 2 km
cantons.B12063181,Ekéto,Wawa,Plateaux,7.448742637067809,0.8031804414526655,177.7,1,2.82,35.93,2 – 5 km
cantons.B12063182,Gobé,Wawa,Plateaux,7.5228014143888915,0.8027191624278582,30.8,2,0.64,43.95,< 2 km
cantons.B12064183,Zogbégan,Wawa,Plateaux,7.5697112263040305,0.6959808628078546,74.5,24,1.47,48.58,< 2 km
cantons.B12064184,Ounabé,Wawa,Plateaux,7.556981019414593,0.9502598056602479,71.9,5,1.05,34.98,< 2 km
cantons.B12064185,Okou,Wawa,Plateaux,7.555096441267726,0.8804086384602487,128.5,5,2.85,41.06,2 – 5 km
cantons.B12064186,Doumé,Wawa,Plateaux,7.565086458396898,0.7863372657886587,65.4,13,1.68,48.29,< 2 km
cantons.C01065187,Pagala-Gare,Blitta,Centrale,8.171401013269847,0.9946900585710008,209.7,17,0.78,18.62,< 2 km
cantons.C01065188,Waragni,Blitta,Centrale,8.269986331756016,1.027155629095298,54.7,7,0.03,7.93,< 2 km
cantons.C01065189,Blitta-Village,Blitta,Centrale,8.359046137521158,1.0324093057570396,72.2,13,2.54,3.0,2 – 5 km
cantons.C01065190,Blitta,Blitta,Centrale,8.316346695801709,0.9696995549442962,102.6,8,1.0,4.96,< 2 km
cantons.C01065192,Tchaloudè,Blitta,Centrale,8.319062692203307,1.176134003422132,154.0,10,8.82,18.47,5 – 10 km
cantons.C01065193,Canton C01065193 (non nommé),Blitta,Centrale,8.309857321481584,0.9002661945376882,129.6,0,8.65,12.35,5 – 10 km
cantons.C01066194,Tcharè-Baou,Blitta,Centrale,8.05374202064051,1.0627787495602854,172.5,4,5.15,32.14,5 – 10 km
cantons.C01066195,Canton C01066195 (non nommé),Blitta,Centrale,8.025686616712488,1.1457062172617551,161.1,0,6.17,29.3,5 – 10 km
cantons.C01066196,Canton C01066196 (non nommé),Blitta,Centrale,8.133042916225918,1.169061464962854,257.0,0,10.56,28.87,> 10 km
cantons.C01066197,Agbandi,Blitta,Centrale,8.227803410875493,1.1796676932730281,193.1,5,4.84,22.54,2 – 5 km
cantons.C01067198,Canton C01067198 (non nommé),Blitta,Centrale,8.097776075522326,0.7694504392620498,163.5,0,11.89,37.51,> 10 km
cantons.C01067199,Welly,Blitta,Centrale,8.039979883971577,0.8999274868764524,378.4,2,4.84,35.19,2 – 5 km
cantons.C01067200,Canton C01067200 (non nommé),Blitta,Centrale,8.195049576532321,0.8852054907267007,121.6,0,7.65,20.94,5 – 10 km
cantons.C01067201,Canton C01067201 (non nommé),Blitta,Centrale,8.187125546074311,0.7976546831348671,69.6,0,3.68,28.68,2 – 5 km
cantons.C01067202,Atchintsè,Blitta,Centrale,7.9892127564414315,0.6775806378705057,256.8,1,2.59,53.19,2 – 5 km
cantons.C01067203,Canton C01067203 (non nommé),Blitta,Centrale,8.091113773690198,0.6491753222199819,98.4,0,9.72,48.17,5 – 10 km
cantons.C01067204,Canton C01067204 (non nommé),Blitta,Centrale,8.153578904817874,0.652562844855255,72.9,0,16.58,44.27,> 10 km
cantons.C01067205,Canton C01067205 (non nommé),Blitta,Centrale,8.202190260543723,0.6172620715349413,19.7,0,21.25,45.69,> 10 km
cantons.C01067206,Canton C01067206 (non nommé),Blitta,Centrale,8.222452584517049,0.6985155014619122,143.2,0,12.22,36.51,> 10 km
cantons.C01067207,M'Poti,Blitta,Centrale,8.310970124094878,0.7949761826908115,273.7,3,10.35,23.72,> 10 km
cantons.C02068208,Kagnigbara,Mô,Centrale,8.905846280300562,0.6610660552719273,248.3,2,3.49,41.32,2 – 5 km
cantons.C02068209,Boulohou,Mô,Centrale,8.698224543597643,0.7015670122716319,563.5,9,7.27,33.67,5 – 10 km
cantons.C03070214,Sotouboua,Sotouboua,Centrale,8.548097098680767,0.8653235256742018,552.7,141,8.64,12.15,5 – 10 km
cantons.C02068210,Djarkpanga,Mô,Centrale,8.779590438766212,0.5528210364926484,278.9,14,1.07,52.35,< 2 km
cantons.C02069211,Saïboudè,Mô,Centrale,8.589056637132838,0.5681064550901898,198.4,2,10.15,44.89,> 10 km
cantons.C02069212,Tindjasse,Mô,Centrale,8.715818247553146,0.4552100369239854,182.9,5,7.06,59.71,5 – 10 km
cantons.C03070215,Kaniamboua,Sotouboua,Centrale,8.608832735968152,0.9981971812291608,45.1,8,0.51,5.41,< 2 km
cantons.C03071216,Séssaro,Sotouboua,Centrale,8.605375762091837,1.2047736430503255,191.7,6,1.94,24.6,< 2 km
cantons.C03071217,Tittigbe,Sotouboua,Centrale,8.629115440264096,1.1045192423754249,112.3,11,1.5,15.06,< 2 km
cantons.C03071218,Aouda,Sotouboua,Centrale,8.757417070608414,1.0163821359164078,359.4,28,4.04,21.93,2 – 5 km
cantons.C03071220,Canton C03071220 (non nommé),Sotouboua,Centrale,8.907919444014507,0.8080823032262135,588.4,0,17.22,37.4,> 10 km
cantons.C03072221,Kazaboua,Sotouboua,Centrale,8.4168175310284,1.1482933456868547,152.8,15,7.15,17.25,5 – 10 km
cantons.C03072222,Bodjondè,Sotouboua,Centrale,8.4459387432083,1.0418288058907443,72.3,6,1.73,11.89,< 2 km
cantons.C03072223,Tchébébé,Sotouboua,Centrale,8.441036391906575,0.8177111931471512,431.6,76,8.52,21.84,5 – 10 km
cantons.C04073224,Affem,Tchamba,Centrale,9.127411011010189,1.525687173281637,132.6,4,1.08,16.82,< 2 km
cantons.C04073225,Alibi I,Tchamba,Centrale,8.914001910763707,1.3952636540340089,182.0,3,3.91,12.14,2 – 5 km
cantons.C04073226,Larini,Tchamba,Centrale,9.092231246541644,1.4332529903134017,120.7,3,5.15,8.02,5 – 10 km
cantons.C04073227,Kri-Kri,Tchamba,Centrale,9.202595829290109,1.4533097210073758,89.0,2,4.07,20.41,2 – 5 km
cantons.C04074230,Koussountou,Tchamba,Centrale,8.762929097801415,1.409797897463108,725.7,41,11.46,20.24,> 10 km
cantons.C04075231,Balanka,Tchamba,Centrale,8.844878112149638,1.6016768608671337,87.9,11,2.29,10.94,2 – 5 km
cantons.C04073228,Tchamba,Tchamba,Centrale,9.005768000576898,1.5351691917340249,304.4,40,5.24,13.29,5 – 10 km
cantons.C04074229,Bago,Tchamba,Centrale,8.46029637602087,1.3916095194696272,638.9,44,5.77,38.63,5 – 10 km
cantons.C04075233,Kaboli,Tchamba,Centrale,8.568654301687294,1.5796330345600882,462.5,40,12.48,19.7,> 10 km
cantons.C05076234,Tchalo,Tchaoudjo,Centrale,8.962821916532265,1.0234966092832498,156.6,23,9.81,12.94,5 – 10 km
cantons.D03087263,Solla,Binah,Kara,9.934753688166703,1.3302895626409341,72.7,12,4.25,30.27,2 – 5 km
cantons.D03087264,Pessaré,Binah,Kara,9.795853510835617,1.2543692423188348,33.7,7,1.09,16.41,< 2 km
cantons.C05076235,Kadambara,Tchaoudjo,Centrale,8.81480264561596,1.1978883602199688,281.8,56,9.08,17.93,5 – 10 km
cantons.C05076236,Kparataou,Tchaoudjo,Centrale,8.9089768278694,1.2844645290676964,348.8,66,4.26,16.27,2 – 5 km
cantons.C05076237,Sokodè (Komah),Tchaoudjo,Centrale,8.991185197366093,1.1107659349233185,95.1,862,0.15,2.87,< 2 km
cantons.C05076238,Kpangalam,Tchaoudjo,Centrale,9.03971421463915,1.0772373410667127,173.4,261,1.3,8.12,< 2 km
cantons.D05092289,Canton D05092289 (non nommé),Doufelgou,Kara,9.888076258348534,1.2420640933377687,69.7,0,7.55,20.0,5 – 10 km
cantons.C05077239,Lama-Tessi,Tchaoudjo,Centrale,8.855772700749808,1.0451701216523095,377.5,45,2.71,17.07,2 – 5 km
cantons.C05078240,Kéméni,Tchaoudjo,Centrale,9.222765070304671,1.2660607607002559,66.3,5,2.47,14.73,2 – 5 km
cantons.C05078241,Aléhéridè,Tchaoudjo,Centrale,9.22087133738501,1.1223385963199317,164.1,27,5.59,19.9,5 – 10 km
cantons.C05078242,Kolina,Tchaoudjo,Centrale,9.106187137620685,1.1139336898618193,220.6,13,2.95,12.46,2 – 5 km
cantons.C05078243,Amaïde,Tchaoudjo,Centrale,9.16221340133543,1.1450309951414517,175.1,20,2.2,18.43,2 – 5 km
cantons.C05079244,Wassarabo,Tchaoudjo,Centrale,9.011267816983114,1.2426149689528048,47.7,10,1.92,11.2,< 2 km
cantons.C05079245,Kpassaouade,Tchaoudjo,Centrale,9.053825575381026,1.3016453095936111,117.8,10,0.86,13.0,< 2 km
cantons.C05079246,Agouloudè,Tchaoudjo,Centrale,9.183595143143823,1.354953955188146,312.4,13,6.55,19.08,5 – 10 km
cantons.D01080247,Dako (Daoude),Assoli,Kara,9.353384884969055,1.0338699675840788,245.2,9,3.89,23.08,2 – 5 km
cantons.D01080248,Bouladè,Assoli,Kara,9.398309779822236,1.2111471429042036,67.6,7,2.9,6.07,2 – 5 km
cantons.D01080249,Bafilo,Assoli,Kara,9.343746628269678,1.2069720853969914,93.2,153,3.52,4.22,2 – 5 km
cantons.D01081250,Alédjo,Assoli,Kara,9.27867750936693,1.1696202331601042,134.4,18,4.92,11.68,2 – 5 km
cantons.D01081251,Koumondè,Assoli,Kara,9.31159015466001,1.2426836416557507,19.7,13,0.58,4.71,< 2 km
cantons.D01082252,Soudou,Assoli,Kara,9.358214926589335,1.330788630680904,291.9,28,0.11,9.55,< 2 km
cantons.D02083253,Baghan,Bassar,Kara,9.076642811560456,0.6878607706150692,201.7,9,0.88,22.69,< 2 km
cantons.D02083254,Bassar,Bassar,Kara,9.20572074984689,0.8551956655661745,1197.6,257,0.01,10.18,< 2 km
cantons.D02083255,Kalanga,Bassar,Kara,9.291137610989887,0.6879260285921043,137.5,7,1.15,10.73,< 2 km
cantons.D02084256,Dimori,Bassar,Kara,9.068922812486242,0.555347859494735,555.6,10,5.83,32.54,5 – 10 km
cantons.D02085260,Kabou,Bassar,Kara,9.537687945655442,0.8463304454574396,444.9,70,3.62,10.09,2 – 5 km
cantons.D02086261,Sanda-Afohou,Bassar,Kara,9.49826055994521,0.953681094387678,107.6,12,1.64,16.32,< 2 km
cantons.D02086262,Sanda-Kagbanda,Bassar,Kara,9.460692051770193,0.8989763870777435,99.2,17,2.51,9.56,2 – 5 km
cantons.D02084257,Bitchabe,Bassar,Kara,9.292806878567676,0.5891386538342112,169.4,4,2.33,21.33,2 – 5 km
cantons.D02084258,Bangeli,Bassar,Kara,9.40987193640954,0.6726227084054713,267.7,40,2.63,16.07,2 – 5 km
cantons.D02085259,Manga,Bassar,Kara,9.546775621139606,0.7231440606746371,105.4,10,2.34,14.27,2 – 5 km
cantons.D03087265,Boufalé,Binah,Kara,9.845793683543397,1.2993534503953286,84.5,5,3.18,22.79,2 – 5 km
cantons.D03087266,Pitikita,Binah,Kara,9.761365213709862,1.2471994904291792,41.1,2,2.41,15.29,2 – 5 km
cantons.D03087267,Lama-Dessi,Binah,Kara,9.719261448070561,1.2646904748822716,46.8,12,2.24,17.95,2 – 5 km
cantons.D03087268,Pagouda,Binah,Kara,9.754328076197151,1.3269625591463867,105.1,47,0.09,24.07,< 2 km
cantons.D03088269,Sirka,Binah,Kara,9.556556409732378,1.310909077352526,101.7,11,1.76,13.49,< 2 km
cantons.D03088270,Kétao,Binah,Kara,9.645373169140793,1.3159832438078372,40.3,99,0.95,17.72,< 2 km
cantons.D03088271,Kémérida,Binah,Kara,9.645507576150537,1.3505668886099802,23.5,9,2.15,20.88,2 – 5 km
cantons.D04089272,Naompoch,Dankpen,Kara,9.817892369591842,0.6547815144954886,155.6,8,0.78,15.32,< 2 km
cantons.D05092290,Canton D05092290 (non nommé),Doufelgou,Kara,9.974839588353221,1.252098513823892,171.4,0,13.32,21.71,> 10 km
cantons.D04089273,Katchamba,Dankpen,Kara,9.892068126909589,0.5311312805526731,141.7,7,0.55,24.2,< 2 km
cantons.D04089274,Guérin-Kouka,Dankpen,Kara,9.697767805221218,0.5892142633876196,278.9,96,0.96,2.42,< 2 km
cantons.D04089275,Koulféikou,Dankpen,Kara,9.942078584089515,0.4027328943625503,147.9,11,2.25,36.13,2 – 5 km
cantons.D04090276,Namon,Dankpen,Kara,9.707656158936635,0.8222606576160036,108.1,10,2.67,23.57,2 – 5 km
cantons.D04090277,Natchiboré,Dankpen,Kara,9.815470126595864,0.7900905498006592,202.0,6,1.89,24.46,< 2 km
cantons.D04090278,Natchitikpi,Dankpen,Kara,9.717944441867864,0.7303976660672554,102.7,7,2.92,13.8,2 – 5 km
cantons.D04090279,Koutchitchéou,Dankpen,Kara,9.626388119026817,0.7413945226091672,128.1,8,3.4,16.07,2 – 5 km
cantons.D04091280,Nawaré,Dankpen,Kara,9.615393040054757,0.5437654679049034,242.3,5,9.13,10.67,5 – 10 km
cantons.D04091281,Bapuré,Dankpen,Kara,9.498082361057019,0.5798567119039444,238.2,20,3.51,21.17,2 – 5 km
cantons.D04091282,Nandouta,Dankpen,Kara,9.54637686534769,0.37925015484832214,410.8,5,0.87,29.62,< 2 km
cantons.D05092291,Koka,Doufelgou,Kara,9.779111640929074,1.1513865407419244,33.5,6,2.29,4.99,2 – 5 km
cantons.D05093292,Léon,Doufelgou,Kara,9.68266759110779,0.9649445999604908,119.4,7,2.83,18.18,2 – 5 km
cantons.D05093293,Alloum,Doufelgou,Kara,9.740726170849653,0.9625746956421892,109.1,15,2.67,16.19,2 – 5 km
cantons.D04091283,Kidjabou,Dankpen,Kara,9.788864946510817,0.44961487803764993,457.8,7,1.41,20.76,< 2 km
cantons.D05092284,Siou,Doufelgou,Kara,9.816472880209066,1.194622484587857,55.9,25,0.42,11.05,< 2 km
cantons.D05092285,Agbandè-Yaka,Doufelgou,Kara,9.708353848918781,1.083231299856562,100.9,4,3.43,6.9,2 – 5 km
cantons.D05092286,Niamtougou,Doufelgou,Kara,9.756640352514468,1.116221115667311,43.6,65,0.18,1.35,< 2 km
cantons.D05092287,Ténéga,Doufelgou,Kara,9.832282158916863,1.1400688491341657,31.1,3,1.45,8.17,< 2 km
cantons.D05092288,Baga,Doufelgou,Kara,9.803179408370484,1.092125013138191,28.3,11,0.75,4.5,< 2 km
cantons.D07098315,Bohou,Kozah,Kara,9.62162734371329,1.1872273961274924,34.1,20,2.66,7.99,2 – 5 km
cantons.D05093294,Kadjalla,Doufelgou,Kara,9.813805223319779,0.9277887584969982,214.3,15,2.7,20.47,2 – 5 km
cantons.D05093295,Tchoré,Doufelgou,Kara,9.850384823533325,1.0068728472765924,24.0,3,1.14,12.78,< 2 km
cantons.D05094296,Défalé,Doufelgou,Kara,9.927530872014609,1.1251817628831664,128.6,27,4.16,8.29,2 – 5 km
cantons.D05093297,Kpaha,Doufelgou,Kara,9.887998150851057,1.1575073573226906,59.5,3,3.83,13.5,2 – 5 km
cantons.D06094298,Kantè,Kéran,Kara,9.963678756782464,1.0596548391997422,200.0,77,0.37,1.03,< 2 km
cantons.E02104333,Borgou,Kpendjal,Savanes,10.788003915424659,0.626772810953742,388.5,5,1.06,47.05,< 2 km
cantons.D06094299,Pessidè,Kéran,Kara,10.066075582005336,0.9171567751642269,544.4,8,7.4,18.71,5 – 10 km
cantons.D06094300,Akpontè,Kéran,Kara,10.199278070071985,0.922393694849077,146.7,6,1.87,24.19,< 2 km
cantons.D06095301,Hélota,Kéran,Kara,9.94419815245553,0.7363278422657633,257.3,13,0.89,31.7,< 2 km
cantons.D06095302,Ossacré,Kéran,Kara,10.067478593248104,0.7515701761446842,127.5,17,2.09,29.25,2 – 5 km
cantons.D06095303,Ataloté,Kéran,Kara,9.930126015073261,0.8888796972325079,229.9,8,0.22,17.89,< 2 km
cantons.D06096304,Nadoba,Kéran,Kara,10.151078126007251,1.038316056446924,115.9,9,4.33,21.26,2 – 5 km
cantons.D06096305,Warengo,Kéran,Kara,10.071633275378245,1.1205059786896532,74.9,1,3.52,14.69,2 – 5 km
cantons.D06096306,Canton D06096306 (non nommé),Kéran,Kara,10.051057653459493,1.1908133651254522,98.3,0,9.34,18.26,5 – 10 km
cantons.D07097307,Landa,Kozah,Kara,9.675964175071323,1.255459949794513,31.8,30,0.95,15.9,< 2 km
cantons.D07097308,Soumdina,Kozah,Kara,9.637877837859461,1.261889003648538,27.2,19,0.9,12.8,< 2 km
cantons.D07097309,Lassa,Kozah,Kara,9.614726094472484,1.2361102363541923,55.3,60,0.85,9.03,< 2 km
cantons.D07097310,Commune De Kara,Kozah,Kara,9.542770862424739,1.187692463415429,127.4,1257,0.08,0.46,< 2 km
cantons.D07098311,Kouméa,Kozah,Kara,9.712921095263413,1.1919799469151784,48.3,25,0.94,10.91,< 2 km
cantons.D07098312,Tcharè,Kozah,Kara,9.669188597914488,1.1853080588132354,10.1,8,0.81,13.26,< 2 km
cantons.D07098313,Pya,Kozah,Kara,9.668874312369917,1.1403083928987474,38.2,40,0.22,11.28,< 2 km
cantons.D07098314,Tchitchao,Kozah,Kara,9.629766411183882,1.1229556200370814,33.2,9,1.49,11.32,< 2 km
cantons.D07098316,Sara-Kawa,Kozah,Kara,9.629353498027687,1.0268489871022326,87.2,9,0.45,17.51,< 2 km
cantons.D07098317,Yadè,Kozah,Kara,9.593931881291613,1.1401554523496202,19.9,16,1.53,7.11,< 2 km
cantons.D07099318,Awandjélo,Kozah,Kara,9.455870507964304,1.188183642433009,79.8,22,2.42,10.06,2 – 5 km
cantons.D07099319,Kpinzindè,Kozah,Kara,9.477962360964382,1.303257034819888,119.9,12,1.64,14.73,< 2 km
cantons.D07100320,Djamdè,Kozah,Kara,9.523472943913085,1.0442118272497658,216.4,10,1.07,15.92,< 2 km
cantons.D07100321,Atchangbadè,Kozah,Kara,9.44424763136673,1.1025312900020925,148.9,25,3.46,14.76,2 – 5 km
cantons.E01101322,Gouloungoussi,Cinkassé,Savanes,11.117912044322622,-0.11752106057348499,17.7,2,1.52,15.3,< 2 km
cantons.E01101323,Canton E01101323 (non nommé),Cinkassé,Savanes,11.094458689666247,-0.07765887300480284,11.2,0,2.42,10.77,2 – 5 km
cantons.E01101324,Boadé,Cinkassé,Savanes,11.111988912170228,-0.062733410374156,16.6,2,0.58,9.28,< 2 km
cantons.E01102326,Biankouri,Cinkassé,Savanes,11.031300196908896,0.049765634597197586,34.9,15,1.01,6.37,< 2 km
cantons.E01102327,Nadjoundi,Cinkassé,Savanes,11.016153004986483,0.17776509262538515,39.4,17,0.91,15.75,< 2 km
cantons.E01102328,Timbou,Cinkassé,Savanes,11.023850623814473,0.11283092662786426,46.2,23,0.87,10.69,< 2 km
cantons.E01102329,Sam-Naba,Cinkassé,Savanes,11.065220939164108,0.13038606316339094,44.9,20,1.37,10.23,< 2 km
cantons.E02103330,Tambigou,Kpendjal,Savanes,10.767466450584504,0.7882868376756317,100.9,1,3.12,48.42,2 – 5 km
cantons.E02103331,Koundjoaré,Kpendjal,Savanes,10.939200388451333,0.6718203583713115,260.7,16,2.38,51.77,2 – 5 km
cantons.E02103332,Mandouri,Kpendjal,Savanes,10.89834614884289,0.8086331905003056,354.2,17,3.72,63.05,2 – 5 km
cantons.E03105334,Naki-Est,Kpendjal-Ouest,Savanes,10.761906026552756,0.37354187509195946,138.1,47,1.16,21.72,< 2 km
cantons.E03105335,Nayéga,Kpendjal-Ouest,Savanes,10.771130322286378,0.40951555632018544,33.5,6,1.8,24.73,< 2 km
cantons.E03105336,Ogaro,Kpendjal-Ouest,Savanes,10.770659137022875,0.4823733516362961,179.2,20,3.12,32.18,2 – 5 km
cantons.E03106337,Papri,Kpendjal-Ouest,Savanes,10.974142577773012,0.42878192092951845,28.4,20,0.92,26.99,< 2 km
cantons.E03106338,Tambonga,Kpendjal-Ouest,Savanes,10.925554072414057,0.44731271128453226,40.6,9,1.36,27.29,< 2 km
cantons.E03106339,Namoundjoga,Kpendjal-Ouest,Savanes,10.872297581646048,0.4282609269140189,87.7,11,2.07,24.61,2 – 5 km
cantons.E04110345,Nagbéni,Oti,Savanes,10.628809412990128,0.48081262760809734,352.7,23,6.11,30.32,5 – 10 km
cantons.E04110346,Tchanaga,Oti,Savanes,10.496934287038963,0.4934368635943849,237.4,5,0.26,15.97,< 2 km
cantons.E06112366,Sissiak,Tandjoaré,Savanes,10.759489528281174,0.11776362620764409,111.6,26,1.58,14.81,< 2 km
cantons.E03106340,Pogno,Kpendjal-Ouest,Savanes,10.934864037762145,0.5080481806651252,141.6,16,1.5,34.01,< 2 km
cantons.E04109341,Mango,Oti,Savanes,10.341557189623709,0.47195310027754966,368.3,202,0.27,1.68,< 2 km
cantons.E04109342,Sadori,Oti,Savanes,10.250081725181968,0.4288374323578842,130.6,5,3.1,12.31,2 – 5 km
cantons.E04109343,Faré,Oti,Savanes,10.171643415444013,0.3830575050329681,59.6,1,1.46,22.24,< 2 km
cantons.E05107348,Sagbiebou,Oti-Sud,Savanes,10.263578876490644,0.6361434459283949,206.7,33,2.02,14.29,2 – 5 km
cantons.E05107349,Tchamonga,Oti-Sud,Savanes,10.590791940833759,0.6884623376479874,667.9,11,5.57,29.36,5 – 10 km
cantons.E05107350,Mogou,Oti-Sud,Savanes,10.409482090564314,0.6684029895760072,283.4,13,3.84,12.16,2 – 5 km
cantons.E04110348,Loko,Oti,Savanes,10.539642081280174,0.24677780658077372,79.9,8,3.31,31.46,2 – 5 km
cantons.E05107351,Gando,Oti-Sud,Savanes,10.284213106720633,0.7882259093773192,367.9,63,4.99,6.95,2 – 5 km
cantons.E05108353,Koumongou,Oti-Sud,Savanes,10.141800231749054,0.4627400237714687,186.4,9,5.42,23.63,5 – 10 km
cantons.E06112367,Tampialime,Tandjoaré,Savanes,10.741368661525014,-0.02471721630178354,84.5,16,2.41,28.38,2 – 5 km
cantons.E05108352,Kountoire,Oti-Sud,Savanes,10.13108526447039,0.6377683481109577,468.5,15,3.07,25.22,2 – 5 km
cantons.E06111362,Canton E06111362 (non nommé),Tandjoaré,Savanes,10.632501230833547,0.276776346698457,48.0,0,2.54,26.75,2 – 5 km
cantons.E06111363,Tamongue,Tandjoaré,Savanes,10.510364526964937,0.17890745007567563,136.9,18,1.94,35.77,< 2 km
cantons.E06112364,Bagou,Tandjoaré,Savanes,10.681419303193787,0.026367191523964297,50.8,1,1.41,27.93,< 2 km
cantons.E06112365,Nano,Tandjoaré,Savanes,10.708409969085402,0.088727779293999,56.6,36,1.32,21.23,< 2 km
cantons.E05108354,Nali,Oti-Sud,Savanes,10.041312150192338,0.48013443661437094,184.1,3,2.93,34.79,2 – 5 km
cantons.E06108355,Takpamba,Oti-Sud,Savanes,9.964664047963824,0.5812311463188167,230.3,12,0.49,30.84,< 2 km
cantons.E06111356,Loko,Tandjoaré,Savanes,10.593158941081168,0.23217268876453462,22.4,1,2.5,30.03,2 – 5 km
cantons.E06111357,Pligou,Tandjoaré,Savanes,10.656815447764691,0.29789677272083015,40.0,6,1.2,25.05,< 2 km
cantons.E06111358,Bombouaka,Tandjoaré,Savanes,10.718152329780287,0.2073864303445382,48.7,17,1.61,16.04,< 2 km
cantons.E06111359,Goundoga,Tandjoaré,Savanes,10.701087999640519,0.1638271756211528,21.3,8,1.33,18.44,< 2 km
cantons.E06111360,Bogou,Tandjoaré,Savanes,10.639934489054383,0.17696705813000396,50.6,12,2.01,24.86,2 – 5 km
cantons.E06111361,Nandoga,Tandjoaré,Savanes,10.644425043715545,0.2184033354812453,37.3,4,2.91,24.25,2 – 5 km
cantons.E06112368,Canton E06112368 (non nommé),Tandjoaré,Savanes,10.671324704127626,-0.03739188302474894,62.5,0,8.34,33.85,5 – 10 km
cantons.E06112369,Doukpergou,Tandjoaré,Savanes,10.640253992135182,0.05238545064302936,70.3,10,1.67,29.69,< 2 km
cantons.E06112370,Canton E06112370 (non nommé),Tandjoaré,Savanes,10.602353559881248,0.05072871762835697,18.0,0,5.5,33.35,5 – 10 km
cantons.E06112371,Lokpano,Tandjoaré,Savanes,10.602278217395542,0.114518692011369,97.5,4,0.87,30.46,< 2 km
cantons.E07113372,Poissongui,Tône,Savanes,11.05171461553356,0.2158480516445642,32.6,9,1.56,19.49,< 2 km
cantons.E07116389,Korbongou,Tône,Savanes,10.961014038010786,0.35485350567658946,172.9,120,1.65,19.1,< 2 km
cantons.E07113373,Kourientre,Tône,Savanes,11.004843527264242,0.2327160176596677,47.6,8,0.93,14.62,< 2 km
cantons.E07113374,Dapaong,Tône,Savanes,10.856317852226518,0.2144609744905652,221.4,869,0.35,1.41,< 2 km
cantons.E07113375,Toaga,Tône,Savanes,10.886828475040852,0.2539456189469279,55.4,26,0.25,5.71,< 2 km
cantons.E07113376,Natigou,Tône,Savanes,10.985760929378126,0.2696691347483566,26.5,3,0.99,14.17,< 2 km
cantons.E07113377,Pana,Tône,Savanes,10.758140020223161,0.28242769977567783,78.8,19,0.36,14.47,< 2 km
cantons.E01101325,Cinkassé,Cinkassé,Savanes,11.085082504991002,0.041185903734485454,44.9,428,0.36,0.36,< 2 km
cantons.E07113378,Bidjenga,Tône,Savanes,10.700105599542377,0.2900739721093863,63.8,10,1.91,20.37,< 2 km
cantons.E07114379,Nanergou,Tône,Savanes,10.924447529451049,0.1486457331293832,45.7,22,0.72,7.99,< 2 km
cantons.E07114380,Namaré,Tône,Savanes,10.984785389042523,0.07237638053265757,42.3,9,1.67,11.97,< 2 km
cantons.E04110344,Barkoissi,Oti,Savanes,10.593042155507684,0.34122633389318796,72.2,108,1.23,29.62,< 2 km
cantons.E04110347,Galangashie,Oti,Savanes,10.468271574430627,0.3378705285289148,378.4,16,4.12,18.75,2 – 5 km
cantons.E07114381,Naki-Ouest,Tône,Savanes,10.930067080751964,0.06981168551844326,128.4,45,2.69,15.74,2 – 5 km
cantons.E07115382,Nioukpourma,Tône,Savanes,10.84713751404857,0.12464389746299799,59.2,24,1.63,8.8,< 2 km
cantons.B01033082,Agou-Tavié,Agou,Plateaux,6.841348557856252,0.6902280315183593,47.6,47,1.21,2.96,< 2 km
cantons.E07115383,Tami,Tône,Savanes,10.858602867703404,0.034705369950318095,104.4,30,0.6,18.48,< 2 km
cantons.A04012023,Bè-Centre,Golfe,Maritime,6.180691227619354,1.2498635863720566,17.8,454,0.06,1.09,< 2 km
cantons.E07115384,Lotogou,Tône,Savanes,10.800746632918127,0.03283955816932368,51.2,18,0.79,19.91,< 2 km
cantons.E07115385,Warkambou,Tône,Savanes,10.790190268381151,-0.019838343285899014,27.1,11,0.62,25.74,< 2 km
cantons.E07116386,Louanga,Tône,Savanes,10.860378797934448,0.3358640328938249,72.1,9,2.41,14.49,2 – 5 km
cantons.E07116387,Kantindi,Tône,Savanes,10.923827370094454,0.27291892704006493,31.9,29,0.9,9.31,< 2 km
cantons.E07116388,Sanfatoute,Tône,Savanes,11.02099906263283,0.30477161296830707,44.0,16,2.37,19.53,2 – 5 km
cantons.A05020034,Agbodrafo,Lacs,Maritime,6.217098155010812,1.4972981631298123,35.4,179,0.05,17.95,< 2 km
cantons.B07049136,Kpédomé,Haho,Plateaux,7.045592072725524,1.1542523211100588,422.7,105,0.14,9.13,< 2 km
cantons.B12064187,Klabé-Efoukpa,Wawa,Plateaux,7.615559179640407,0.7838163568407338,81.8,9,0.78,47.93,< 2 km
cantons.D05093296,Canton D05093296 (non nommé),Doufelgou,Kara,9.820817441496368,1.0520281976712929,32.2,0,3.29,8.65,2 – 5 km
cantons.A05020035,Gbodjomé,Lacs,Maritime,6.218069876093058,1.4101275674155895,44.4,264,0.76,9.26,< 2 km
cantons.A02007011,Zolo,Avé,Maritime,6.376765799186732,0.9219571536243596,81.3,10,2.52,6.42,2 – 5 km
cantons.A02007012,Edzi,Avé,Maritime,6.415886391456987,0.8356096014008828,52.3,1,4.25,9.47,2 – 5 km
cantons.B07050138,Wahala,Haho,Plateaux,7.185656520341146,1.2732356759311652,524.8,81,4.54,12.04,2 – 5 km
cantons.B07050139,Akpakpakpé,Haho,Plateaux,7.0980141709644835,1.0669947180143957,119.0,13,1.83,13.71,< 2 km
cantons.B07047131,Notsé,Haho,Plateaux,6.9147073469391565,1.108858135518064,142.8,114,5.44,8.1,5 – 10 km
cantons.B07047134,Hahomégbé,Haho,Plateaux,6.915646981497357,0.9811255455381571,321.6,20,1.57,21.4,< 2 km
cantons.B09054156,Kpélé-Dawlotou,Kpélé,Plateaux,6.976311703556414,0.8714369391989832,221.3,4,9.27,22.32,5 – 10 km
cantons.C03071219,Adjengré,Sotouboua,Centrale,8.665538657282813,1.0231626093656923,73.6,62,0.43,12.22,< 2 km
cantons.C03071221,Canton C03071221 (non nommé),Sotouboua,Centrale,8.67773467521184,0.8983083674489424,215.0,0,12.81,15.37,> 10 km
cantons.B01034087,Amoussou-Kopé,Agou,Plateaux,6.696135993073648,0.8496150372380636,108.2,45,1.98,22.26,< 2 km
cantons.B06045128,Kamina,Est-Mono,Plateaux,8.143078364145747,1.5804641111344915,297.8,18,5.2,59.79,5 – 10 km
cantons.A04013024,Bè-Ouest,Golfe,Maritime,6.175789284687452,1.220417961747342,22.9,281,0.59,1.67,< 2 km
cantons.A04011022,Bè-Est,Golfe,Maritime,6.186358017751587,1.2699652532264862,60.1,1256,0.08,2.54,< 2 km
